inci_name,active_family,cosing_function,cas_number,common_synonyms,brief_description,source_url
Adapalene (drug, not a cosmetic ingredient),Retinoids,"N/A - regulated as a drug/OTC monograph actives, not a CosIng cosmetic ingredient",106685-40-9,"Differin, Third-generation synthetic retinoid; prescription/OTC-drug status (not CosIng-listed) because it is regulated as a therapeutic drug in the EU and US,  not a cosmetic. Included here as a labeling note only.",https://pubchem.ncbi.nlm.nih.gov/compound/60164
Glycolic Acid,AHAs,Skin conditioning - exfoliant (reported),79-14-1,Hydroxyacetic Acid,"Smallest-molecule AHA,  derived from sugarcane; penetrates deepest for strong resurfacing,  brightening,  and collagen stimulation but carries the highest irritation risk of the AHAs.",https://pubchem.ncbi.nlm.nih.gov/compound/1183
Lactic Acid,AHAs,Skin conditioning - humectant; exfoliant (reported),50-21-5,2-Hydroxypropanoic Acid,"Milder AHA (from milk/fermentation) that exfoliates gently while also acting as a humectant,  improving barrier hydration alongside resurfacing.",https://pubchem.ncbi.nlm.nih.gov/compound/612
Mandelic Acid,AHAs,Skin conditioning - exfoliant (reported),90-64-2,Amygdalic Acid; Phenylglycolic Acid,"Larger-molecule AHA from bitter almonds; slower,  more even exfoliation with added antibacterial/anti-inflammatory action,  well tolerated by sensitive and acne-prone skin.",https://pubchem.ncbi.nlm.nih.gov/compound/1292
Citric Acid,AHAs / pH Adjusters,Buffering; Chelating; pH adjusting,77-92-9,"2-Hydroxypropane-1,2,3-tricarboxylic Acid",Common pH adjuster and chelator; can also function as an AHA depending on formula and concentration.,https://pubchem.ncbi.nlm.nih.gov/compound/311
Kaolin,Absorbents / Clays,Absorbent; Bulking; Opacifying,1332-58-7,China Clay,Clay mineral used in masks and cleansers for absorbency and texture.,https://single-market-economy.ec.europa.eu/sectors/cosmetics/cosmetic-ingredient-database_en
Sulfur,Acne Actives,OTC acne drug active; Skin protectant contexts,7704-34-9,Elemental Sulfur,OTC acne active in the U.S. at specified concentrations; also appears in cosmetic-type formulations.,https://www.fda.gov/files/drugs/published/Topical-Acne-Drug-Products-for-Over-the-Counter-Human-Use--Revision-of-Labeling-and-Classification-of-Benzoyl-Peroxide-as-Safe-and-Effective.pdf
Alpha-Arbutin,Alpha Arbutin,Skin conditioning (reported; tyrosinase inhibitor not itemized separately in CosIng search),84380-01-8,4-Hydroxyphenyl alpha-D-glucopyranoside,"Synthetic,  more stable isomer of arbutin; inhibits tyrosinase to reduce melanin production,  used for hyperpigmentation and skin brightening with lower irritation than hydroquinone.",https://www.ncbi.nlm.nih.gov/pmc/articles/PMC8944748/
Ferulic Acid,Antioxidants,Antioxidant; Skin conditioning,1135-24-6,4-Hydroxy-3-methoxycinnamic Acid,Plant-derived antioxidant frequently combined with vitamin C and vitamin E in antioxidant serums.,https://pubchem.ncbi.nlm.nih.gov/compound/445858
Resveratrol,Antioxidants,Antioxidant; Skin conditioning,501-36-0,Trans-Resveratrol,Polyphenol used in topical antioxidant formulations.,https://pubchem.ncbi.nlm.nih.gov/compound/445154
BHT,Antioxidants / Stabilizers,Antioxidant,128-37-0,Butylated Hydroxytoluene,Antioxidant used mainly to slow oxidation of oils and other formula components.,https://pubchem.ncbi.nlm.nih.gov/compound/31404
Arbutin,Arbutin,Skin conditioning,497-76-7,Beta-Arbutin; Hydroquinone beta-D-glucopyranoside,Arbutin is a hydroquinone glucoside used in brightening formulations; regulatory assessment differs from alpha-arbutin.,https://health.ec.europa.eu/publications/safety-alpha-arbutin-and-beta-arbutin-cosmetic-products_en
Azelaic Acid,Azelaic Acid,Skin conditioning; Antimicrobial (reported),123-99-9,Nonanedioic Acid,"Naturally derived dicarboxylic acid with antimicrobial,  anti-inflammatory,  and tyrosinase-inhibiting action; used for acne,  rosacea redness,  and post-inflammatory hyperpigmentation.",https://www.ncbi.nlm.nih.gov/pmc/articles/PMC12472904/
Dipotassium Glycyrrhizate,Barrier / Soothing,Skin conditioning; Soothing,68797-35-3,Licorice salt,Licorice-derived salt used in calming and skin-conditioning formulas.,https://pubchem.ncbi.nlm.nih.gov/compound/656852
Cholesterol,Barrier Lipids,Skin conditioning; Emollient,57-88-5,Cholest-5-en-3β-ol,Skin-identical lipid frequently combined with ceramides and fatty acids in barrier formulas.,https://pubchem.ncbi.nlm.nih.gov/compound/5997
Phytosphingosine,Barrier Lipids,Skin conditioning,554-62-1,Sphingoid Base,Skin-lipid-related ingredient commonly paired with ceramides in barrier formulations.,https://single-market-economy.ec.europa.eu/sectors/cosmetics/cosmetic-ingredient-database_en
Benzoyl Peroxide,Benzoyl Peroxide,Antimicrobial (drug-classified acne treatment; not a core CosIng cosmetic function),94-36-0,BPO,Topical antiseptic that releases free radicals to kill acne-causing bacteria (C. acnes) and has mild keratolytic/sebostatic effects; in the EU it is regulated closer to a drug actives than a standard cosmetic ingredient.,https://foundationskincare.com/blogs/articles/azelaic-acid-vs-benzoyl-peroxide-for-acne
N-Acetyl Glucosamine,Brightening / Humectants,Skin conditioning; Humectant,7512-17-6,NAG; Acetyl Glucosamine,"Amino-sugar derivative used in hydrating and tone-evening skincare, often paired with niacinamide.",https://pubchem.ncbi.nlm.nih.gov/compound/439174
Ceramide AP,Ceramides,Skin conditioning; Emollient,,Ceramide 6-II,Barrier ceramide commonly included in multi-ceramide complexes.,https://single-market-economy.ec.europa.eu/sectors/cosmetics/cosmetic-ingredient-database_en
Ceramide EOP,Ceramides,Skin conditioning; Emollient,,Ceramide 1,Long-chain barrier ceramide used in skin-lipid replacement systems.,https://single-market-economy.ec.europa.eu/sectors/cosmetics/cosmetic-ingredient-database_en
Ceramide NP,Ceramides,Skin conditioning - occlusive (general family function; not individually confirmed in CosIng search),100403-19-8,Ceramide 3; CeraVe Ceramide 3,"One of the most abundant ceramides in the skin's own lipid barrier; replenishes barrier lipids to reduce water loss and improve barrier repair. Data here is PubChem/industry-sourced,  not directly confirmed via CosIng search.",https://pubchem.ncbi.nlm.nih.gov/compound/Ceramide-NP
Disodium EDTA,Chelators,Chelating,139-33-3,Edetate Disodium,Chelator that binds metal ions to improve formula stability and preservation.,https://pubchem.ncbi.nlm.nih.gov/compound/8759
Sodium Phytate,Chelators,Chelating,14306-25-3,Phytic Acid Sodium Salt,Chelating agent often used as an alternative to EDTA systems.,https://pubchem.ncbi.nlm.nih.gov/compound/23675791
Tetrasodium EDTA,Chelators,Chelating,64-02-8,Edetate Tetrasodium,Chelating agent used to improve stability and preservative performance.,https://pubchem.ncbi.nlm.nih.gov/compound/6144
Sodium Gluconate,Chelators / Humectants,Chelating; Humectant,527-07-1,Gluconic Acid Sodium Salt,Chelator and humectant used to improve stability in water-based formulas.,https://pubchem.ncbi.nlm.nih.gov/compound/23672301
C12-15 Alkyl Benzoate,Emollients,Emollient; Skin conditioning,68411-27-8,Alkyl Benzoate,Light ester emollient frequently used in sunscreens and lotions to improve spreadability.,https://single-market-economy.ec.europa.eu/sectors/cosmetics/cosmetic-ingredient-database_en
Caprylic/Capric Triglyceride,Emollients,Emollient; Skin conditioning,73398-61-5,Medium-chain triglycerides; MCT,"Light emollient blend widely used in creams, lotions and sunscreens.",https://single-market-economy.ec.europa.eu/sectors/cosmetics/cosmetic-ingredient-database_en
Isopropyl Palmitate,Emollients,Emollient; Skin conditioning,142-91-6,IPP,Fatty ester used to improve spreadability and emollience.,https://single-market-economy.ec.europa.eu/sectors/cosmetics/cosmetic-ingredient-database_en
Cetearyl Glucoside,Emulsifiers,Emulsifying; Surfactant,246159-33-1,Cetearyl Polyglucoside,Sugar-based emulsifier frequently paired with cetearyl alcohol.,https://single-market-economy.ec.europa.eu/sectors/cosmetics/cosmetic-ingredient-database_en
Glyceryl Stearate,Emulsifiers,Emollient; Emulsifying,31566-31-1,Glycerol Monostearate,Common emulsifier and emollient in creams and lotions.,https://single-market-economy.ec.europa.eu/sectors/cosmetics/cosmetic-ingredient-database_en
PEG-100 Stearate,Emulsifiers,Emulsifying; Surfactant,,PEG-100 Glyceryl Stearate,Nonionic emulsifier frequently paired with glyceryl stearate in creams and lotions.,https://single-market-economy.ec.europa.eu/sectors/cosmetics/cosmetic-ingredient-database_en
Sorbitan Stearate,Emulsifiers,Emulsifying; Surfactant,1338-41-6,Span 60,Nonionic emulsifier often paired with polysorbates in creams and lotions.,https://single-market-economy.ec.europa.eu/sectors/cosmetics/cosmetic-ingredient-database_en
Glycol Distearate,Emulsifiers / Opacifiers,Emollient; Emulsifying; Opacifying,627-83-8,Ethylene Glycol Distearate,Pearlescent emollient and opacifier used especially in cleansing products.,https://pubchem.ncbi.nlm.nih.gov/compound/61174
Glycol Stearate,Emulsifiers / Opacifiers,Emollient; Emulsifying; Opacifying,111-60-4,Ethylene Glycol Monostearate,Emollient and pearlescent/opacity-building ingredient in creams and cleansers.,https://pubchem.ncbi.nlm.nih.gov/compound/24762
Polysorbate 60,Emulsifiers / Solubilizers,Emulsifying; Surfactant,9005-67-8,Tween 60,"Nonionic emulsifier used in creams, lotions and dispersed systems.",https://single-market-economy.ec.europa.eu/sectors/cosmetics/cosmetic-ingredient-database_en
Polysorbate 80,Emulsifiers / Solubilizers,Emulsifying; Surfactant,9005-65-6,Tween 80,Nonionic emulsifier and solubilizer used in oil-in-water systems.,https://pubchem.ncbi.nlm.nih.gov/compound/443315
Caprylic Acid,Fatty Acids,Skin conditioning; Emollient,124-07-2,Octanoic Acid,Medium-chain fatty acid used in emollient and multifunctional formulation systems.,https://pubchem.ncbi.nlm.nih.gov/compound/379
Lauric Acid,Fatty Acids,Cleansing; Emulsifying; Skin conditioning,143-07-7,Dodecanoic Acid,Fatty acid used in surfactant systems and emollient formulations.,https://pubchem.ncbi.nlm.nih.gov/compound/3893
Palmitic Acid,Fatty Acids,Emollient; Cleansing; Emulsifying,57-10-3,Hexadecanoic Acid,Fatty acid used in emollient and cleansing systems and to build texture.,https://pubchem.ncbi.nlm.nih.gov/compound/985
Stearic Acid,Fatty Acids,Emollient; Emulsifying; Cleansing,57-11-4,Octadecanoic Acid,"Fatty acid used as an emollient, surfactant component and consistency agent.",https://pubchem.ncbi.nlm.nih.gov/compound/5281
Cetearyl Alcohol,Fatty Alcohols,Emollient; Emulsifying; Viscosity controlling,67762-27-0,Cetostearyl Alcohol,Mixture of fatty alcohols used to thicken and stabilize creams and lotions.,https://pubchem.ncbi.nlm.nih.gov/compound/62238
Cetyl Alcohol,Fatty Alcohols,Emollient; Emulsifying; Viscosity controlling,36653-82-4,1-Hexadecanol,Fatty alcohol that softens skin and stabilizes emulsions; not the same as drying ethanol.,https://pubchem.ncbi.nlm.nih.gov/compound/2682
Alpha-Isomethyl Ionone,Fragrance Allergens,Perfuming,127-51-5,Methyl Ionone,Fragrance ingredient included in cosmetic allergen labeling lists.,https://www.fda.gov/cosmetics/cosmetic-ingredients/allergens-cosmetics
Benzyl Benzoate,Fragrance Allergens,Perfuming; Solvent,120-51-4,Benzoic Acid Benzyl Ester,Fragrance/solvent ingredient included in cosmetic allergen labeling lists.,https://www.fda.gov/cosmetics/cosmetic-ingredients/allergens-cosmetics
Benzyl Salicylate,Fragrance Allergens,Perfuming; UV absorber,118-58-1,Salicylic Acid Benzyl Ester,Fragrance component included in cosmetic allergen labeling lists.,https://www.fda.gov/cosmetics/cosmetic-ingredients/allergens-cosmetics
Citral,Fragrance Allergens,Perfuming,5392-40-5,Geranial/Neral mixture,Fragrance ingredient subject to EU allergen labeling requirements above specified thresholds.,https://www.fda.gov/cosmetics/cosmetic-ingredients/allergens-cosmetics
Citronellol,Fragrance Allergens,Perfuming,106-22-9,"3,7-Dimethyl-6-octen-1-ol",Fragrance ingredient subject to allergen labeling requirements in the EU above specified thresholds.,https://www.fda.gov/cosmetics/cosmetic-ingredients/allergens-cosmetics
Coumarin,Fragrance Allergens,Perfuming,91-64-5,"1,2-Benzopyrone",Fragrance ingredient included in cosmetic allergen labeling lists.,https://www.fda.gov/cosmetics/cosmetic-ingredients/allergens-cosmetics
Eugenol,Fragrance Allergens,Perfuming,97-53-0,4-Allyl-2-methoxyphenol,Fragrance component included in cosmetic allergen labeling lists.,https://www.fda.gov/cosmetics/cosmetic-ingredients/allergens-cosmetics
Geraniol,Fragrance Allergens,Perfuming,106-24-1,Geranyl Alcohol,Fragrance ingredient recognized in cosmetic allergen labeling frameworks.,https://www.fda.gov/cosmetics/cosmetic-ingredients/allergens-cosmetics
Hexyl Cinnamal,Fragrance Allergens,Perfuming,101-86-0,Hexyl Cinnamaldehyde,Fragrance ingredient recognized as a cosmetic allergen for labeling purposes.,https://www.fda.gov/cosmetics/cosmetic-ingredients/allergens-cosmetics
Hydroxycitronellal,Fragrance Allergens,Perfuming,107-75-5,Hydroxycitronellal,Fragrance allergen with specific EU regulatory attention and SCCS review activity.,https://health.ec.europa.eu/scientific-committees/scientific-committee-consumer-safety-sccs/sccs-mandates_en
Isoeugenol,Fragrance Allergens,Perfuming,97-54-1,Isoeugenol,Fragrance component subject to EU restrictions and allergen labeling provisions.,https://eur-lex.europa.eu/eli/reg/2023/1545
Limonene,Fragrance Allergens,Perfuming; Deodorant,138-86-3,d-Limonene; Dipentene,Fragrance ingredient that can require allergen labeling in the EU above specified thresholds.,https://www.fda.gov/cosmetics/cosmetic-ingredients/allergens-cosmetics
Linalool,Fragrance Allergens,Perfuming; Deodorant,78-70-6,Linalol,Fragrance ingredient recognized as a common cosmetic allergen/sensitizer for labeling purposes.,https://www.fda.gov/cosmetics/cosmetic-ingredients/allergens-cosmetics
Parfum,Fragrance Mixtures,Perfuming,,Fragrance; Aroma,Label term that may represent a proprietary mixture rather than a single chemical; exact components may not be individually disclosed in some jurisdictions.,https://www.fda.gov/cosmetics/cosmetic-ingredients/fragrances-cosmetics
Betaine,Humectants,Humectant; Skin conditioning,107-43-7,Trimethylglycine,Osmolyte and humectant used to reduce dryness and support skin feel.,https://pubchem.ncbi.nlm.nih.gov/compound/247
Butylene Glycol,Humectants,Humectant; Solvent; Skin conditioning,107-88-0,"1,3-Butanediol",Humectant and solvent commonly used in serums and moisturizers.,https://pubchem.ncbi.nlm.nih.gov/compound/7896
Caprylyl Glycol,Humectants,Humectant; Skin conditioning,1117-86-8,"1,2-Octanediol",Humectant and skin-conditioning ingredient often used as a preservative booster.,https://pubchem.ncbi.nlm.nih.gov/compound/14231
Glycerin,Humectants,Humectant; Skin conditioning,56-81-5,Glycerol,Widely used humectant that helps retain water in the stratum corneum.,https://pubchem.ncbi.nlm.nih.gov/compound/753
Pentylene Glycol,Humectants,Humectant; Solvent; Skin conditioning,5343-92-0,"1,2-Pentanediol",Humectant and multifunctional solvent that can also support preservation systems.,https://single-market-economy.ec.europa.eu/sectors/cosmetics/cosmetic-ingredient-database_en
Propanediol,Humectants,Humectant; Solvent,504-63-2,"1,3-Propanediol",Humectant and solvent widely used in modern water-based skincare formulas.,https://single-market-economy.ec.europa.eu/sectors/cosmetics/cosmetic-ingredient-database_en
Propylene Glycol,Humectants,Humectant; Solvent; Skin conditioning,57-55-6,"1,2-Propanediol",Humectant and solvent used to improve hydration and ingredient delivery.,https://pubchem.ncbi.nlm.nih.gov/compound/1030
Sodium PCA,Humectants,Humectant; Skin conditioning,28874-51-3,Sodium Pyrrolidone Carboxylate,Component of the skin's natural moisturizing factor used as a humectant.,https://single-market-economy.ec.europa.eu/sectors/cosmetics/cosmetic-ingredient-database_en
Urea,Humectants,Humectant; Skin conditioning; Keratolytic at higher levels,57-13-6,Carbamide,Humectant that also has keratolytic effects at higher concentrations.,https://pubchem.ncbi.nlm.nih.gov/compound/1176
"1,2-Hexanediol",Humectants / Preservative Boosters,Humectant; Solvent; Skin conditioning,6920-22-5,"Hexane-1,2-diol",Humectant and multifunctional solvent frequently used to support preservation.,https://single-market-economy.ec.europa.eu/sectors/cosmetics/cosmetic-ingredient-database_en
Hyaluronic Acid,Hyaluronic Acid,Skin conditioning - humectant,9004-61-9,HA,"High-molecular-weight humectant naturally found in skin; binds large amounts of water at the surface to plump and hydrate,  but does not penetrate deeply due to molecule size.",https://pubchem.ncbi.nlm.nih.gov/compound/24847767
Sodium Hyaluronate,Hyaluronic Acid,Skin conditioning - humectant,9067-32-7,Hyaluronic Acid Sodium Salt,"Salt form of hyaluronic acid; smaller and more water-soluble than HA itself,  so it penetrates slightly deeper while retaining strong water-binding capacity (up to ~1000x its weight).",https://cymitquimica.com/cas/9067-32-7/
Kojic Acid,Kojic Acid,Skin conditioning,501-30-4,5-Hydroxy-2-(hydroxymethyl)-4H-pyran-4-one,Skin-brightening ingredient with an SCCS safety opinion in the EU.,https://health.ec.europa.eu/publications/kojic-acid_en
Capryloyl Salicylic Acid,LHA,Skin conditioning; Exfoliant,70424-62-3,LHA; Lipohydroxy Acid,Lipophilic salicylic-acid derivative used in exfoliating skincare.,COSING
Niacinamide,Niacinamide,Skin conditioning; Soothing agent,98-92-0,Nicotinamide; Vitamin B3,"Multitasking actives that strengthens the skin barrier,  reduces redness/inflammation,  regulates sebum,  and fades post-acne marks; pairs well with most other actives.",https://www.specialchem.com/cosmetics/inci-ingredients/niacinamide
Petrolatum,Occlusives,Skin conditioning; Emollient; Occlusive,8009-03-8,Petroleum Jelly,Occlusive emollient that reduces transepidermal water loss.,https://single-market-economy.ec.europa.eu/sectors/cosmetics/cosmetic-ingredient-database_en
Gluconolactone,PHAs,Humectant; Skin conditioning; Chelating,90-80-2,Glucono-delta-lactone; GDL,Polyhydroxy-acid/lactone ingredient used for gentle exfoliation and humectancy.,https://pubchem.ncbi.nlm.nih.gov/compound/7027
Lactobionic Acid,PHAs,Humectant; Skin conditioning; Chelating,96-82-2,4-O-beta-D-Galactopyranosyl-D-gluconic Acid,Polyhydroxy/bionic acid used in hydrating exfoliating formulations.,https://pubchem.ncbi.nlm.nih.gov/compound/3037556
Butylparaben,Parabens,Preservative,94-26-8,Butyl Parahydroxybenzoate,Paraben preservative subject to regulatory concentration restrictions in some jurisdictions.,https://pubchem.ncbi.nlm.nih.gov/compound/7184
Ethylparaben,Parabens,Preservative,120-47-8,Ethyl Parahydroxybenzoate,Paraben preservative used in cosmetic formulations.,https://pubchem.ncbi.nlm.nih.gov/compound/8434
Methylparaben,Parabens,Preservative,99-76-3,Methyl Parahydroxybenzoate,Paraben preservative used to control microbial growth in cosmetics.,https://pubchem.ncbi.nlm.nih.gov/compound/7456
Propylparaben,Parabens,Preservative,94-13-3,Propyl Parahydroxybenzoate,Paraben preservative used in cosmetic products under applicable concentration limits.,https://pubchem.ncbi.nlm.nih.gov/compound/7175
Acetyl Hexapeptide-8,Peptides,Skin conditioning (reported; not itemized as a distinct function in CosIng search),616204-22-9,Argireline; Acetyl Hexapeptide-3; Acetyl Hexapeptide-8 Amide,"Synthetic hexapeptide marketed as a topical 'Botox alternative': competes for a position in the SNARE/SNAP-25 vesicle-fusion complex to modestly reduce neurotransmitter release at the neuromuscular junction, softening expression lines. CIR's safe-use conclusion applies only up to 0.005% -- far below the 10% used in some clinical efficacy trials, so real-world leave-on products are dosed nowhere near the concentrations that generated the headline efficacy data.",https://en.wikipedia.org/wiki/Acetyl_hexapeptide-8
Copper Tripeptide-1,Peptides,Skin conditioning,,GHK-Cu; Copper Peptide,Copper-complexed tripeptide used in skin-conditioning and repair-focused formulations.,COSING
Palmitoyl Pentapeptide-4,Peptides,Skin conditioning (signal peptide; not separately itemized in CosIng search),214047-00-4,Matrixyl; Pal-KTTKS,"Signal peptide (5 amino acids + palmitic acid chain) that ""tricks"" fibroblasts into producing more collagen and hyaluronic acid; well-studied anti-wrinkle ingredient effective at very low doses.",https://en.wikipedia.org/wiki/Palmitoyl_pentapeptide-4
Palmitoyl Tetrapeptide-7,Peptides,"Skin conditioning (reported; general peptide category function, not separately itemized in CosIng search)",221227-05-0,Pal-GQPR; N-Palmitoylrigin; Matrixyl 3000 (component),Palmitic-acid-conjugated GQPR signal peptide; the second half of the 'Matrixyl 3000' blend alongside Palmitoyl Tripeptide-1. Used at very low levels (typically under 10ppm) to signal fibroblasts toward collagen/ECM production and reported to modulate inflammatory (IL-6) signaling associated with skin aging.,https://en.wikipedia.org/wiki/Palmitoyl_tetrapeptide-7
Palmitoyl Tripeptide-1,Peptides,"Skin conditioning (reported; general peptide category function, not separately itemized in CosIng search)",147732-56-7,Palmitoyl Oligopeptide (retired INCI name); Pal-GHK; Palmitoyl-GHK Tripeptide; Matrixyl 3000 (component),"Palmitic-acid-conjugated fragment of the GHK collagen-signal peptide; co-formulated with Palmitoyl Tetrapeptide-7 as 'Matrixyl 3000' to stimulate collagen I/III/IV and fibronectin synthesis. Previously sold under the INCI name 'Palmitoyl Oligopeptide', which the INCI dictionary retired for being too vague (it covered more than one undefined peptide sequence) -- treat that older name as a legacy/indirect match, not an exact one.",https://incidecoder.com/ingredients/palmitoyl-tripeptide-1
Ethylhexylglycerin,Preservative Boosters,Skin conditioning; Deodorant; Preservative booster,70445-33-9,Octoxyglycerin,Multifunctional conditioning ingredient often used to boost preservative systems.,https://single-market-economy.ec.europa.eu/sectors/cosmetics/cosmetic-ingredient-database_en
Caprylhydroxamic Acid,Preservatives,Preservative; Chelating,7377-03-9,CHA,Organic acid derivative used in alternative preservative systems.,https://single-market-economy.ec.europa.eu/sectors/cosmetics/cosmetic-ingredient-database_en
Chlorphenesin,Preservatives,Preservative,104-29-0,Chlorphenesin,Preservative used in cosmetic and personal-care formulations.,https://pubchem.ncbi.nlm.nih.gov/compound/7697
Phenoxyethanol,Preservatives,Preservative,122-99-6,2-Phenoxyethanol,Widely used preservative in leave-on and rinse-off cosmetics.,https://pubchem.ncbi.nlm.nih.gov/compound/31236
Potassium Sorbate,Preservatives,Preservative,24634-61-5,Sorbic Acid Potassium Salt,Preservative used especially in lower-pH formulations.,https://pubchem.ncbi.nlm.nih.gov/compound/23676745
Sodium Benzoate,Preservatives,Preservative,532-32-1,Benzoic Acid Sodium Salt,Preservative commonly used in acidic cosmetic formulations.,https://pubchem.ncbi.nlm.nih.gov/compound/517055
Benzyl Alcohol,Preservatives / Fragrance Allergens,Preservative; Solvent; Fragrance,100-51-6,Phenylmethanol,"Can serve as preservative, solvent or fragrance component and is a recognized fragrance allergen for labeling purposes in the EU.",https://pubchem.ncbi.nlm.nih.gov/compound/244
Adapalene,Retinoid Drug,Drug active - not a standard cosmetic INCI role,106685-40-9,Differin,Synthetic retinoid regulated as a topical acne drug rather than a conventional cosmetic ingredient.,https://www.dailymed.nlm.nih.gov/dailymed/drugInfo.cfm?setid=164f52fa-3050-3eea-e063-6394a90a6f70
Retinal,Retinoids,Skin conditioning,116-31-4,Retinaldehyde; Vitamin A Aldehyde,Retinoid aldehyde used in some cosmetic formulations; one oxidation step from retinoic acid.,https://pubchem.ncbi.nlm.nih.gov/compound/638034
Retinaldehyde,Retinoids,Skin conditioning (reported; not separately confirmed in CosIng search),116-31-4,Retinal; Vitamin A Aldehyde,"Intermediate between retinol and retinoic acid in the conversion pathway; considered more potent than retinol with a faster visible effect,  still one enzymatic step gentler than prescription retinoic acid.",https://pubchem.ncbi.nlm.nih.gov/compound/638034
Retinol,Retinoids,Skin conditioning,68-26-8,Vitamin A,"Gold-standard OTC retinoid; converts in-skin to retinoic acid to speed cell turnover,  boost collagen,  and fade fine lines/pigmentation. Regulated under EU Annex III concentration limits.",https://www.specialchem.com/cosmetics/inci-ingredients/retinol
Retinyl Acetate,Retinoids,Skin conditioning,127-47-9,Vitamin A Acetate,Vitamin A ester covered in SCCS vitamin A safety assessments.,https://pubchem.ncbi.nlm.nih.gov/compound/638014
Retinyl Palmitate,Retinoids,Skin conditioning,79-81-2,Vitamin A Palmitate,"Ester of retinol and palmitic acid; the mildest,  most stable retinoid ester,  needs more conversion steps in skin so it is gentler but less potent than retinol.",https://en.wikipedia.org/wiki/Retinyl_palmitate
Salicylic Acid,Salicylic Acid (BHA),Antiseborrhoeic agent; Keratolytic agent; Skin conditioning,69-72-7,BHA; 2-Hydroxybenzoic Acid,Oil-soluble beta hydroxy acid that penetrates into sebum-filled pores to exfoliate and unclog them; standard acne and blackhead treatment.,https://cosmeticobs.com/en/ingredients/salicylic-acid-533
Capryloyl Glycine,Sebum / Skin Conditioning,Skin conditioning,14246-53-8,Octanoyl Glycine,"Amino-acid derivative used in oily-skin, deodorant and skin-conditioning formulas.",https://single-market-economy.ec.europa.eu/sectors/cosmetics/cosmetic-ingredient-database_en
Zinc PCA,Sebum / Soothing,Skin conditioning; Humectant,15454-75-8,Zinc Pyrrolidone Carboxylate,Zinc salt of PCA used in oily-skin and sebum-focused formulations.,COSING
Cyclopentasiloxane,Silicones,Emollient; Solvent,541-02-6,D5,Volatile silicone used for slip and a light after-feel.,https://single-market-economy.ec.europa.eu/sectors/cosmetics/cosmetic-ingredient-database_en
Dimethicone,Silicones,Skin conditioning; Emollient; Antifoaming,63148-62-9,Polydimethylsiloxane,"Silicone polymer used for slip, barrier support and reduced water loss.",https://pubchem.ncbi.nlm.nih.gov/compound/24705
Polysorbate 20,Solubilizers / Surfactants,Surfactant; Solubilising; Emulsifying,9005-64-5,Tween 20,Nonionic surfactant and solubilizer commonly used for fragrance and oil dispersion.,https://single-market-economy.ec.europa.eu/sectors/cosmetics/cosmetic-ingredient-database_en
Water,Solvents,Solvent,7732-18-5,Aqua,Primary solvent in many skincare formulas.,https://single-market-economy.ec.europa.eu/sectors/cosmetics/cosmetic-ingredient-database_en
Allantoin,Supporting/Barrier,Skin conditioning,97-59-6,5-Ureidohydantoin; Glyoxyldiureide,"Small soothing/healing molecule (a purine metabolite, also found in comfrey root) that increases skin smoothness, has mild keratolytic action encouraging shedding of dead surface cells, and calms irritation; one of the most established de-sensitizing additives, commonly included alongside stronger actives (acids, retinoids, benzoyl peroxide) specifically to offset their irritation. CIR-safe up to 2%.",https://cosmeticscience.net/allantoin/
Bakuchiol,Supporting/Barrier,Antioxidant; Emollient; Skin conditioning (reported via secondary ingredient databases; not independently confirmed via direct CosIng search this pass),10309-37-2,Sytenol A; UP-256; 'natural retinol alternative',"Plant-derived (Psoralea corylifolia seed) meroterpenoid marketed as a gentler alternative to retinol. The key head-to-head RCT (Dhaliwal et al., Br J Dermatol 2019) found 0.5% bakuchiol twice-daily produced statistically comparable improvement in wrinkles and hyperpigmentation to 0.5% retinol every day/every-other-day over 12 weeks, with significantly LESS scaling and stinging reported in the bakuchiol arm. It appears to upregulate similar collagen genes (COL1A1/COL3A1) and downregulate MMPs, but through a different mechanism than direct retinoic-acid-receptor binding -- so it is a reasonable retinoid-intolerant substitute, not a proven pharmacological equivalent.",https://onlinelibrary.wiley.com/doi/10.1111/bjd.16918
Centella Asiatica Extract,Supporting/Barrier,Skin conditioning - humectant; Smoothing; Soothing; Tonic,84696-21-9,Cica; Gotu Kola Extract; Tiger Grass Extract,"Botanical extract standardized for triterpenoid actives (asiaticoside, madecassoside, asiatic acid, madecassic acid) with anti-inflammatory, wound-healing, and mild collagen-supportive effects; widely marketed as 'Cica' in barrier-repair and post-procedure/soothing formulas. As a whole-plant extract it is not a single defined chemical (see pubchem_safety.csv note), so composition and potency vary by supplier and extraction method.",https://www.specialchem.com/cosmetics/inci-ingredients/centella-asiatica-extract
Panthenol,Supporting/Barrier,Antistatic; Hair conditioning; Skin conditioning,16485-10-2,"Pro-Vitamin B5; Pantothenol; Dexpanthenol/D-Panthenol (single-enantiomer form, CAS 81-13-0 -- not independently re-verified this pass)","Alcohol form of pantothenic acid (vitamin B5); converts to pantothenic acid in skin, where it improves hydration/water retention, supports barrier repair, and has mild anti-inflammatory/itch-soothing effects. Extremely well tolerated; one of the most common 'safe to pair with anything' actives, often included specifically to offset irritation from retinoids or acids.",https://www.specialchem.com/cosmetics/inci-ingredients/panthenol
Squalane,Supporting/Barrier,Skin conditioning - emollient,111-01-3,Hydrogenated Squalene; Perhydrosqualene,"Fully saturated (hydrogenated) form of squalene, a lipid naturally present in human sebum; used as a lightweight, non-comedogenic emollient that reduces transepidermal water loss without the oxidative instability of unsaturated squalene. Plant-derived (olive, sugarcane) sourcing has largely replaced the older shark-liver-oil source. Compatible with essentially all other actives; commonly used to cushion irritation from retinoids, acids, or benzoyl peroxide.",https://www.specialchem.com/cosmetics/inci-ingredients/squalane
Sodium Isethionate,Surfactant Support,Buffering; Humectant,1562-00-1,Isethionic Acid Sodium Salt,Isethionate salt often present in mild surfactant systems.,https://pubchem.ncbi.nlm.nih.gov/compound/517063
Cocamidopropyl Betaine,Surfactants,Cleansing; Surfactant; Foam boosting,61789-40-0,CAPB,Amphoteric surfactant widely used in gentle cleansers and shampoos.,https://single-market-economy.ec.europa.eu/sectors/cosmetics/cosmetic-ingredient-database_en
Coco-Glucoside,Surfactants,Cleansing; Surfactant; Emulsifying,141464-42-8,Coconut Alkyl Glucoside,Nonionic sugar-based surfactant commonly used in gentle wash-off products.,https://single-market-economy.ec.europa.eu/sectors/cosmetics/cosmetic-ingredient-database_en
Decyl Glucoside,Surfactants,Cleansing; Surfactant; Emulsifying,54549-24-5,Decyl Polyglucoside,Nonionic sugar-derived surfactant used in gentle cleansing systems.,https://single-market-economy.ec.europa.eu/sectors/cosmetics/cosmetic-ingredient-database_en
Sodium Laureth Sulfate,Surfactants,Cleansing; Surfactant; Foaming,9004-82-4,SLES,Anionic surfactant used for cleansing and foaming in wash-off products.,https://single-market-economy.ec.europa.eu/sectors/cosmetics/cosmetic-ingredient-database_en
Sodium Lauroyl Glycinate,Surfactants,Cleansing; Surfactant,18777-32-7,Sodium N-Lauroylglycinate,Amino-acid-based anionic surfactant used in mild cleansers.,https://single-market-economy.ec.europa.eu/sectors/cosmetics/cosmetic-ingredient-database_en
Sodium Lauroyl Isethionate,Surfactants,Cleansing; Surfactant,7381-01-3,SLI,Mild anionic surfactant frequently used in syndet bars and gentle cleansers.,https://single-market-economy.ec.europa.eu/sectors/cosmetics/cosmetic-ingredient-database_en
Sodium Lauroyl Sarcosinate,Surfactants,Cleansing; Surfactant,137-16-6,Sarkosyl,Mild anionic surfactant used in facial and body cleansers.,https://pubchem.ncbi.nlm.nih.gov/compound/23668810
Sodium Lauryl Sulfate,Surfactants,Cleansing; Surfactant; Foaming,151-21-3,SLS,Strong anionic surfactant used in cleansing formulations.,https://pubchem.ncbi.nlm.nih.gov/compound/3423265
Sodium Methyl Cocoyl Taurate,Surfactants,Cleansing; Surfactant,12765-39-8,SMCT,Mild anionic taurine-derived surfactant used in facial cleansers.,https://single-market-economy.ec.europa.eu/sectors/cosmetics/cosmetic-ingredient-database_en
Sodium Lauroyl Lactylate,Surfactants / Emulsifiers,Surfactant; Emulsifying; Skin conditioning,13557-75-0,SLL,Anionic emulsifier/surfactant also used in barrier-lipid delivery systems.,https://single-market-economy.ec.europa.eu/sectors/cosmetics/cosmetic-ingredient-database_en
Silica,Texture / Absorbents,Absorbent; Anticaking; Bulking,7631-86-9,Silicon Dioxide,"Mineral powder used for texture, oil absorption and optical effects.",https://single-market-economy.ec.europa.eu/sectors/cosmetics/cosmetic-ingredient-database_en
Sodium Chloride,Texture / Electrolytes,Viscosity controlling; Bulking,7647-14-5,Salt,Electrolyte commonly used to adjust viscosity in surfactant systems.,https://pubchem.ncbi.nlm.nih.gov/compound/5234
Acrylates Copolymer,Texture / Polymers,Film forming; Viscosity controlling,,Acrylic Copolymer,"Broad INCI class for acrylic polymers used for film formation, suspension and texture.",https://single-market-economy.ec.europa.eu/sectors/cosmetics/cosmetic-ingredient-database_en
Acrylates/C10-30 Alkyl Acrylate Crosspolymer,Texture / Polymers,Viscosity controlling; Stabilising,,Pemulen-type polymer,"Polymeric thickener and emulsion stabilizer common in gels, lotions and sunscreens.",https://single-market-economy.ec.europa.eu/sectors/cosmetics/cosmetic-ingredient-database_en
Carbomer,Texture / Polymers,Viscosity controlling; Gel forming,9007-20-9,Carbopol,Crosslinked polymer used to thicken water-based gels and emulsions.,https://pubchem.ncbi.nlm.nih.gov/compound/6581
Hydroxyethylcellulose,Texture / Polymers,Viscosity controlling; Film forming,9004-62-0,HEC,"Cellulose-derived thickener used in gels, serums and cleansers.",https://single-market-economy.ec.europa.eu/sectors/cosmetics/cosmetic-ingredient-database_en
Sodium Polyacrylate,Texture / Polymers,Viscosity controlling; Film forming,9003-04-7,Poly(acrylic acid) sodium salt,"Water-binding polymer used for thickening, suspension and texture.",https://single-market-economy.ec.europa.eu/sectors/cosmetics/cosmetic-ingredient-database_en
Xanthan Gum,Texture / Polymers,Viscosity controlling; Stabilising,11138-66-2,Xanthan,Polysaccharide thickener and stabilizer used in aqueous formulations.,https://pubchem.ncbi.nlm.nih.gov/compound/131750926
Tranexamic Acid,Tranexamic Acid,Skin conditioning,1197-18-8,TXA,"Works via the plasmin pathway rather than direct tyrosinase inhibition; blocks UV- and hormone-triggered melanocyte signaling,  making it especially effective for melasma and UV-driven pigmentation.",https://cosingchecker.com/
Avobenzone,UV Filter,UV filter; Antioxidant (reported),70356-09-1,Butyl Methoxydibenzoylmethane; BMDBM; Parsol 1789,"The only organic UV filter providing strong broad-spectrum UVA1/UVA2 absorption (EU Annex VI entry 8, max 5%; US max 3%); chemically unstable and photodegrades under UV exposure unless paired with a stabilizer (commonly Octocrylene), losing SPF potency over the day and forming breakdown products (arylglyoxals, benzils) linked in the literature to occasional photoallergic reactions.",https://www.specialchem.com/cosmetics/inci-ingredients/butyl-methoxydibenzoylmethane
Homosalate,UV Filter,Skin conditioning; UV absorber; UV filter,118-56-9,Homomenthyl Salicylate; HMS,"Salicylate-based UVB chemical filter (peak ~306nm) also used as a solvent that helps dissolve less-soluble UV filters into a formula; not photostable on its own. Permitted to 15% in the US and 10% in the EU. SCCS review has flagged possible endocrine-disrupting activity as an open question, and the EU is re-assessing its concentration limits.",https://www.cosmeticsinfo.org/ingredient/homosalate/
Octinoxate,UV Filter,Light stabilizer; UV absorber; UV filter,5466-77-3,Ethylhexyl Methoxycinnamate; Octyl Methoxycinnamate; OMC; EHMC,UVB-only chemical filter (peak absorption ~310nm); one of the most widely used sunscreen actives globally. US max 7.5%; the EU's SCCS concluded in 2025 that EHMC is safe as a UV filter up to 10% including in children. Frequently combined with UVA filters like Avobenzone for broad-spectrum coverage.,https://www.specialchem.com/cosmetics/inci-ingredients/ethylhexyl-methoxycinnamate
Octocrylene,UV Filter,Light stabilizer; UV absorber; UV filter,6197-30-4,"2-Ethylhexyl 2-cyano-3,3-diphenylacrylate; photostabilizer for Avobenzone","Oil-soluble UVB/short-UVA chemical filter (US max 10%) valued mainly as a photostabilizer for Avobenzone (raises its photostability from roughly 23% to 90% remaining after UV exposure); also used at low levels (0.2-0.5%) as a non-sunscreen light stabilizer in nail products. Long believed non-sensitizing, but recent dermatology literature documents a rising rate of contact and photocontact allergy, some cross-reacting with ketoprofen/benzophenone-3.",https://cosmeticobs.com/en/ingredients/octocrylene-678
Titanium Dioxide,UV Filter,"Cosmetic colorant (White, CI 77891); Opacifier; UV absorber; UV filter",13463-67-7,CI 77891; Titanium White; TiO2,"Physical/mineral UV filter that reflects and scatters UVA and UVB; also the most common white pigment/opacifier in cosmetics generally. FDA GRASE up to 25%, alongside Zinc Oxide. Inhalable powder/nano forms carry a separate GHS respiratory and carcinogenicity caution that applies to loose powder or spray products, not standard cream-based topical sunscreen.",https://www.specialchem.com/cosmetics/inci-ingredients/titanium-dioxide
Zinc Oxide,UV Filter,Bulking; Cosmetic colorant (CI 77947); Skin protecting; UV absorber; UV filter,1314-13-2,Zinc White; CI 77947; ZnO,Physical/mineral UV filter that sits on the skin surface and reflects/scatters UVA and UVB rather than absorbing it chemically; also used at lower levels as a skin-protecting agent and white colorant. One of only two sunscreen actives (with Titanium Dioxide) the FDA classifies GRASE (safe and effective) up to 25% concentration; EU prohibits nano-ZnO in spray or powder cosmetic formats.,https://www.specialchem.com/cosmetics/inci-ingredients/zinc-oxide
Benzophenone-3,UV Filters,UV filter,131-57-7,Oxybenzone,Organic UV filter listed by FDA among sunscreen actives.,https://www.fda.gov/drugs/understanding-over-counter-medicines/sunscreen-how-help-protect-your-skin-sun
Bis-Ethylhexyloxyphenol Methoxyphenyl Triazine,UV Filters,UV filter,187393-00-6,Bemotrizinol; BEMT; Tinosorb S,Broad-spectrum organic UV filter authorized in multiple non-U.S. markets; regulatory status is jurisdiction-specific.,https://single-market-economy.ec.europa.eu/sectors/cosmetics/cosmetic-ingredient-database_en
Butyl Methoxydibenzoylmethane,UV Filters,UV filter,70356-09-1,Avobenzone,UVA sunscreen active listed by FDA among commonly used sunscreen ingredients.,https://www.fda.gov/drugs/understanding-over-counter-medicines/sunscreen-how-help-protect-your-skin-sun
Ethylhexyl Methoxycinnamate,UV Filters,UV filter,5466-77-3,Octinoxate; Octyl Methoxycinnamate,Organic UVB filter used in sunscreen products.,https://www.fda.gov/drugs/understanding-over-counter-medicines/sunscreen-how-help-protect-your-skin-sun
Ethylhexyl Salicylate,UV Filters,UV filter,118-60-5,Octisalate; Octyl Salicylate,Organic UVB filter used in sunscreen formulations.,https://www.fda.gov/drugs/understanding-over-counter-medicines/sunscreen-how-help-protect-your-skin-sun
Methylene Bis-Benzotriazolyl Tetramethylbutylphenol,UV Filters,UV filter,103597-45-1,Bisoctrizole; MBBT; Tinosorb M,Broad-spectrum particulate organic UV filter; regulatory status varies by jurisdiction.,https://single-market-economy.ec.europa.eu/sectors/cosmetics/cosmetic-ingredient-database_en
Phenylbenzimidazole Sulfonic Acid,UV Filters,UV filter,27503-81-7,Ensulizole,Water-soluble UVB filter used in sunscreen products.,https://www.fda.gov/drugs/understanding-over-counter-medicines/sunscreen-how-help-protect-your-skin-sun
3-O-Ethyl Ascorbic Acid,Vitamin C,Antioxidant; Skin conditioning,86404-04-8,Ethyl Ascorbic Acid; 3-O-Ethyl-L-Ascorbic Acid,Ethylated vitamin C derivative designed for improved stability in cosmetic formulas.,COSING
Ascorbic Acid,Vitamin C,Antioxidant; Skin conditioning,50-81-7,Vitamin C; L-Ascorbic Acid,"Pure form of vitamin C; scavenges free radicals and helps brighten skin tone and support collagen,  but is unstable and can irritate at high strength.",https://cosmeticobs.com/en/ingredients/ascorbic-acid-429
Ascorbyl Glucoside,Vitamin C,Antioxidant; Skin conditioning,129499-78-1,AA2G; Ascorbic Acid 2-Glucoside,"A stabilized,  water-soluble vitamin C derivative that converts to ascorbic acid in skin; gentler and more shelf-stable than pure vitamin C.",https://www.specialchem.com/cosmetics/inci-ingredients/ascorbyl-glucoside
Magnesium Ascorbyl Phosphate,Vitamin C,Skin conditioning; Antioxidant,113170-55-1,MAP,Stable vitamin C derivative favored for sensitive or oily skin; supports collagen synthesis and mild brightening with lower irritation risk.,https://www.bocsci.com/product/magnesium-ascorbyl-phosphate-cas-113170-55-1-81863.html
Sodium Ascorbyl Phosphate,Vitamin C,Skin conditioning - humectant; Antioxidant,66170-10-3,SAP,"Stable,  water-soluble vitamin C derivative with added anti-acne/antibacterial benefit; converts slowly to active ascorbic acid in skin.",https://www.cir-safety.org/sites/default/files/ascorb002019SLR.pdf
Tetrahexyldecyl Ascorbate,Vitamin C,Antioxidant; Skin conditioning,183476-82-6,THD Ascorbate,Oil-soluble vitamin C derivative used in lipid-based and emulsion formulations.,COSING
Tocopherol,Vitamin E,Antioxidant; Skin conditioning,59-02-9,Vitamin E; Alpha-Tocopherol,Lipid-soluble antioxidant used to support formula and skin-surface antioxidant protection.,https://single-market-economy.ec.europa.eu/sectors/cosmetics/cosmetic-ingredient-database_en
Tocopheryl Acetate,Vitamin E,Antioxidant; Skin conditioning,7695-91-2,Vitamin E Acetate,Stable ester of vitamin E used as a conditioning antioxidant ingredient.,https://pubchem.ncbi.nlm.nih.gov/compound/86472
Potassium Hydroxide,pH Adjusters,Buffering; pH adjusting,1310-58-3,KOH; Caustic Potash,Strong base used in small amounts to adjust formulation pH or support soap formation.,https://pubchem.ncbi.nlm.nih.gov/compound/14797
Sodium Hydroxide,pH Adjusters,Buffering; pH adjusting,1310-73-2,Caustic Soda,Strong base used in very small amounts to adjust formulation pH.,https://pubchem.ncbi.nlm.nih.gov/compound/14798
Triethanolamine,pH Adjusters,Buffering; Emulsifying; Surfactant,102-71-6,TEA,Amine used for pH adjustment and to neutralize certain thickeners or fatty acids.,https://pubchem.ncbi.nlm.nih.gov/compound/7618
Sodium Citrate,pH Adjusters / Chelators,Buffering; Chelating,68-04-2,Trisodium Citrate,Citrate salt used to buffer pH and support formula stability.,https://pubchem.ncbi.nlm.nih.gov/compound/6224
